{"cameraMode":{"drawMode":0,"name":"Shaded","section":"Shading Mode"},"sceneLighting":false,"audioPlay":false,"sceneViewState":{"m_AlwaysRefresh":false,"showFog":false,"showSkybox":false,"showFlares":false,"showImageEffects":false,"showParticleSystems":false,"showVisualEffectGraphs":true,"m_FxEnabled":true},"in2DMode":false,"pivot":{"x":-0.5405503511428833,"y":1.4682233333587647,"z":0.17694930732250215},"rotation":{"x":0.04250062257051468,"y":0.9446882009506226,"z":-0.29565778374671938,"w":0.13583271205425263},"size":0.40261900424957278,"orthographic":false}